asset_id,path,workflow,cell,sha256
map-scorpion,src/assets/art/map-scorpion.webp,art/workflows/dark-0.json,0,1769af5cfe5b060adecff997c26f5e6c6368b37e13cd8cf071015ea6d8e92f3b
map-python,src/assets/art/map-python.webp,art/workflows/dark-0.json,1,0a1eaf343e700eafeada486bb3d7b3d98a5d30a1ec993bea493739bd129164c9
map-sword-spirit,src/assets/art/map-sword-spirit.webp,art/workflows/dark-0.json,2,b63b593b32435fb98ce058da84babd01c75c8afc8877be11bd55e4ca9a260e27
cultivator-0,src/assets/art/cultivator-0.webp,art/workflows/dark-0.json,3,bd9649fd5f8d54a60746f3cbdcd02fdc6f68ea7958c49be00c716814f2f20b66
cultivator-1,src/assets/art/cultivator-1.webp,art/workflows/dark-0.json,4,7f2f04120b497be8f0b4000c842802c6ef9f27c14de31823b04ea05122d4d856
cultivator-2,src/assets/art/cultivator-2.webp,art/workflows/dark-0.json,5,ba79300b05a12a766d481c1c8abe6321c9e73f226bf58a7973641a43e0d3b99a
cultivator-3,src/assets/art/cultivator-3.webp,art/workflows/dark-0.json,6,fb86d5324e82562a14b17cd1b538bffe7aa9b51dcf556a0b17f68959226b1332
cultivator-4,src/assets/art/cultivator-4.webp,art/workflows/dark-0.json,7,193417ca1b0b8209ddd98295c521e9527ace7b2485938c32b555fbd6b09c7849
dark-pet-0,src/assets/art/dark-pet-0.webp,art/workflows/dark-0.json,8,bc977047d3149c3b6ae455a243a80440ef832aacfb8d5aa9f92a578ab36d36a2
dark-pet-1,src/assets/art/dark-pet-1.webp,art/workflows/dark-0.json,9,c46bb0b1e7f8683da495da96386ec747a2ba77f6d51ccd2fa71921cc45171e27
dark-pet-2,src/assets/art/dark-pet-2.webp,art/workflows/dark-0.json,10,d94fe9340062d924cf535d6b62fb6d99339463a8d2e3d16807c406c20c7070e7
dark-pet-3,src/assets/art/dark-pet-3.webp,art/workflows/dark-0.json,11,58ed7e6b942320c35a56bf4b08211c514b3043c647742d5dfc96b65e2d0ecc0c
dark-pet-4,src/assets/art/dark-pet-4.webp,art/workflows/dark-1.json,0,3f57781c2a5701d557ac730ad61ff8321b19277627ac8649b6f197c9851304ab
dark_legend_0_0,src/assets/economy/master/dark_legend_0_0.png,art/workflows/dark-1.json,1,1e38f69eea5631794dd1a0127d2987fd711644d1a5042e90f312940d945e5019
dark_legend_0_0,src/assets/economy/runtime/dark_legend_0_0.png,art/workflows/dark-1.json,1,7a72c981296159d5f71570ecde4fa515ca3e0cd2f5144f1f707e6ecdcbdff423
dark_legend_0_1,src/assets/economy/master/dark_legend_0_1.png,art/workflows/dark-1.json,2,55effa236511c969b2857adb03fe8ba53d1e6314cb912ffbde99563c724e856d
dark_legend_0_1,src/assets/economy/runtime/dark_legend_0_1.png,art/workflows/dark-1.json,2,dcb81ff797cb73e508d16c61de1da4ad81f73e64f281c0e5cbddb2e2296b9c36
dark_legend_0_2,src/assets/economy/master/dark_legend_0_2.png,art/workflows/dark-1.json,3,a4c82ad085f3120eca6462e571e049b22ea3d5e2e5673a9b0a0b9157ff6de3ca
dark_legend_0_2,src/assets/economy/runtime/dark_legend_0_2.png,art/workflows/dark-1.json,3,168ebd297c66fe2e417b497579c220daa02feb92ad88ae91758d5a59dec19a9a
dark_legend_0_3,src/assets/economy/master/dark_legend_0_3.png,art/workflows/dark-1.json,4,75be65a8723bbb367667ea26ba416e1ca6de6634420727657edf6b950f8d820d
dark_legend_0_3,src/assets/economy/runtime/dark_legend_0_3.png,art/workflows/dark-1.json,4,bf149338b223fe96809413746252f7640d5a6cee532f4aad362b27d5a386410a
dark_legend_0_4,src/assets/economy/master/dark_legend_0_4.png,art/workflows/dark-1.json,5,847cb93c692ccc084cd58b29fa7f887cf573a5c1b83f75e44ffad01cadad2e21
dark_legend_0_4,src/assets/economy/runtime/dark_legend_0_4.png,art/workflows/dark-1.json,5,4c319291889e979b8f8ce6ff2df5cc1d97ec422cdcc67e67962cdfdbb9e4c66c
dark_legend_0_5,src/assets/economy/master/dark_legend_0_5.png,art/workflows/dark-1.json,6,4a5bb97617d7b75f30a091abb98ae2d6e0d80d8d49cf0ecefe1e111b725261be
dark_legend_0_5,src/assets/economy/runtime/dark_legend_0_5.png,art/workflows/dark-1.json,6,2b94cb1de99002b03cace7ddab787c3a5ed36f2ec6adf7863a83e954a93a5711
dark_legend_1_0,src/assets/economy/master/dark_legend_1_0.png,art/workflows/dark-1.json,7,268bc5ec5f8ba3cbab5aaab86a5260c42b6338b520b4418feb2bb49664ba20f6
dark_legend_1_0,src/assets/economy/runtime/dark_legend_1_0.png,art/workflows/dark-1.json,7,0f6900a08acf4ab00d8bfe01df49218ac0b3ed8d46feaaf521e612a722ea0755
dark_legend_1_1,src/assets/economy/master/dark_legend_1_1.png,art/workflows/dark-1.json,8,005dbc545a6e4aaf540128f86d0bc25464efd866f94a80a187a1664fb54bdca1
dark_legend_1_1,src/assets/economy/runtime/dark_legend_1_1.png,art/workflows/dark-1.json,8,e7da02901ee17a077abb539828b7e4163182d5d5cce5770d82e5291c054bffde
dark_legend_1_2,src/assets/economy/master/dark_legend_1_2.png,art/workflows/dark-1.json,9,ed239bf2f52cab25244bc827c925ad32bf65094e510bec170836230780d5f04f
dark_legend_1_2,src/assets/economy/runtime/dark_legend_1_2.png,art/workflows/dark-1.json,9,99574f0f186795882a2f6296df94a20504244ffd4eec78f3b9557507f07d3fd8
dark_legend_1_3,src/assets/economy/master/dark_legend_1_3.png,art/workflows/dark-1.json,10,64669a522fe6ce1b941cb3212afdc07c1bbac12694c69ec2a5901b0baa97a16c
dark_legend_1_3,src/assets/economy/runtime/dark_legend_1_3.png,art/workflows/dark-1.json,10,5eecf44151456400b4190daf68bfac067e1e3db5939c54972a4ef2e738d478f3
dark_legend_1_4,src/assets/economy/master/dark_legend_1_4.png,art/workflows/dark-1.json,11,494ed23a054b04488dbfef6bc6ddf04854a5aa732211072742137f663c9473ba
dark_legend_1_4,src/assets/economy/runtime/dark_legend_1_4.png,art/workflows/dark-1.json,11,98d221c13a0f9638b07cdf98868b8bbab6e96ce50e1845f51ef4a7067440f90e
dark_legend_1_5,src/assets/economy/master/dark_legend_1_5.png,art/workflows/dark-2.json,0,39ceb37a2b2244232370c690d595ccf9a841d95a32f89067ce3c013b07523196
dark_legend_1_5,src/assets/economy/runtime/dark_legend_1_5.png,art/workflows/dark-2.json,0,4e10851301ededb71f0df697c776afc242c5c546e39bc16e80fa5124065adae9
dark_legend_2_0,src/assets/economy/master/dark_legend_2_0.png,art/workflows/dark-2.json,1,7529e70aee49a87504cc0cc135c137441294c7f14e1e3817394c1121086d093c
dark_legend_2_0,src/assets/economy/runtime/dark_legend_2_0.png,art/workflows/dark-2.json,1,b827659c5609ba7cfd1796e5070df237cf6d92da0b47a091c26f48c0802e5ec5
dark_legend_2_1,src/assets/economy/master/dark_legend_2_1.png,art/workflows/dark-2.json,2,8aab6474fa4b591d3501f006dde03e13d1bc101e1582519be58df9aa2e1f5dff
dark_legend_2_1,src/assets/economy/runtime/dark_legend_2_1.png,art/workflows/dark-2.json,2,d80edf6e5a394f1a038ab531c30969c2358ba80004b9d5583f7c693d1550d9ad
dark_legend_2_2,src/assets/economy/master/dark_legend_2_2.png,art/workflows/dark-2.json,3,6969a17ef64eb1c6170cbbd34a586de4f34a16b8d19494d0c42b2dd635f598ea
dark_legend_2_2,src/assets/economy/runtime/dark_legend_2_2.png,art/workflows/dark-2.json,3,ed25a22c9e6b13abdd6eb288bf8f9d585b8d806fc965590f616ceae968d3d00a
dark_legend_2_3,src/assets/economy/master/dark_legend_2_3.png,art/workflows/dark-2.json,4,eb050461f77d584059405ed93abcefd5159c6ba8458dbb07d0e0b01b9871df0d
dark_legend_2_3,src/assets/economy/runtime/dark_legend_2_3.png,art/workflows/dark-2.json,4,f4d1973fd7769f036c3605588bc21a6a125b93d357917f7148ec97aab480995f
dark_legend_2_4,src/assets/economy/master/dark_legend_2_4.png,art/workflows/dark-2.json,5,e8695b814398a47b00621fdcc5d16617917e26341fc6deb9cfd59e6b696fadce
dark_legend_2_4,src/assets/economy/runtime/dark_legend_2_4.png,art/workflows/dark-2.json,5,14c8506bc8499b97c08c5319e968f1f8f456dbd4f5a3195f89673ed045a14490
dark_legend_2_5,src/assets/economy/master/dark_legend_2_5.png,art/workflows/dark-2.json,6,b43867a0ce271d1b9fe17cf9604f1ba7e5c2c0dec7162f3ce773e3765748ac91
dark_legend_2_5,src/assets/economy/runtime/dark_legend_2_5.png,art/workflows/dark-2.json,6,895c003cdde35fe132a671e579eaeb50727388e4b06e7723b1bcce69c1d5e6be
dark_legend_3_0,src/assets/economy/master/dark_legend_3_0.png,art/workflows/dark-2.json,7,663e84f878d25a10b1f706c7b590f030cfc73d3fc8d1d36f6116091ff775d519
dark_legend_3_0,src/assets/economy/runtime/dark_legend_3_0.png,art/workflows/dark-2.json,7,14d48f2f2caa8185e519debd76f5eee9871f5bea3be1615f8690f82d1cd48a80
dark_legend_3_1,src/assets/economy/master/dark_legend_3_1.png,art/workflows/dark-2.json,8,2fc12044e2811b1cbfc02d74054fad92f16064f02319a3b62a7acd9009e8be7f
dark_legend_3_1,src/assets/economy/runtime/dark_legend_3_1.png,art/workflows/dark-2.json,8,f04fe45cc07782f79460dd6029a6eb785da42726939eb562408708e6f90b9e66
dark_legend_3_2,src/assets/economy/master/dark_legend_3_2.png,art/workflows/dark-2.json,9,e74944a957e065fe669a4a6a578ff920b6280463e275b792c68a7ec91b35ca03
dark_legend_3_2,src/assets/economy/runtime/dark_legend_3_2.png,art/workflows/dark-2.json,9,0b9e08122e031fe251b0e2b2fd2aee031ba784170f5c85168231d36ccf1ebeef
dark_legend_3_3,src/assets/economy/master/dark_legend_3_3.png,art/workflows/dark-2.json,10,4ad75d650a022f7a42bc82dced7eab85722c88c633b915bbe76b6d6300a69c75
dark_legend_3_3,src/assets/economy/runtime/dark_legend_3_3.png,art/workflows/dark-2.json,10,a9545840e88d5da99ec47c9e1bea77a0a1d6cd49577c00e7d76c34b2df119dce
dark_legend_3_4,src/assets/economy/master/dark_legend_3_4.png,art/workflows/dark-2.json,11,7612dff07241fa93a2d9f058cf9542dbb3218bf7698c855f6f19c118ec691a3e
dark_legend_3_4,src/assets/economy/runtime/dark_legend_3_4.png,art/workflows/dark-2.json,11,008f532548b4b8e725822daf53e421f938b21aab7a6cb66366642d8af0071083
dark_legend_3_5,src/assets/economy/master/dark_legend_3_5.png,art/workflows/dark-3.json,0,5c21aad2506541359fecb9a863858a30eda041b10262632ba99796fc2d4deb20
dark_legend_3_5,src/assets/economy/runtime/dark_legend_3_5.png,art/workflows/dark-3.json,0,4340a9a264df163ab355d5a437e1930bb72c4f59d83cb5122cb3608f78c6a7ca
dark_legend_4_0,src/assets/economy/master/dark_legend_4_0.png,art/workflows/dark-3.json,1,db99e15d7fabd3dd4d96a88a54d14ab08190689f156286b6d31362fb767bb699
dark_legend_4_0,src/assets/economy/runtime/dark_legend_4_0.png,art/workflows/dark-3.json,1,8b7a88a920b07d6662079ab1afe6f488887e112dae9f62e8c691e48498d58334
dark_legend_4_1,src/assets/economy/master/dark_legend_4_1.png,art/workflows/dark-3.json,2,e9d0ebd586ebd8dad0924810f88efbafe9f72c0edb4d54c839b30e86883c6cb0
dark_legend_4_1,src/assets/economy/runtime/dark_legend_4_1.png,art/workflows/dark-3.json,2,221887b7a3ff2a903080376d4537cd922b24af0f22a99b55d01619ef9ff60e7c
dark_legend_4_2,src/assets/economy/master/dark_legend_4_2.png,art/workflows/dark-3.json,3,b81bdc9585bd576d51d96a2b232fb30e70a31a01a14b01c1fa6941df5d93b6ca
dark_legend_4_2,src/assets/economy/runtime/dark_legend_4_2.png,art/workflows/dark-3.json,3,05e89e0951a631fb009f3fa8fe15103452f7b0d3c8a106b9291e2bf43352ae37
dark_legend_4_3,src/assets/economy/master/dark_legend_4_3.png,art/workflows/dark-3.json,4,8e26dd6891944a03cfd90f17161fdab446374208fe1e98127c658c41f67d2b1f
dark_legend_4_3,src/assets/economy/runtime/dark_legend_4_3.png,art/workflows/dark-3.json,4,583c0fa870ab8fc0f25182522422ef610186f6a30fc15fc588a8b6cf8c7ea6e5
dark_legend_4_4,src/assets/economy/master/dark_legend_4_4.png,art/workflows/dark-3.json,5,f09c24f84b3f2f4804bb62fc648339ceec702655bd5f6dbedbefe9dabd612b9c
dark_legend_4_4,src/assets/economy/runtime/dark_legend_4_4.png,art/workflows/dark-3.json,5,e76b1505d1dea471605314c8c176cf0bb1da338c760cae2a211937ddc2b7d32c
dark_legend_4_5,src/assets/economy/master/dark_legend_4_5.png,art/workflows/dark-3.json,6,d13725fbdf8683a41479254c537dc5fe080b2ad60a9d66f1abf92b1c1ea6d4aa
dark_legend_4_5,src/assets/economy/runtime/dark_legend_4_5.png,art/workflows/dark-3.json,6,9b9f5f911c2c74e5607f01bab8a7d7b86dfbe1a154b769c2f62b6a85bf439ae6
