asset_id,category,name,prompt,master_path,runtime_path,version,status
v21_treasure_0,treasure,九霄雷劍,九霄雷劍 攻擊 xianxia item icon,src/assets/v21/master/v21_treasure_0.png,src/assets/v21/runtime/v21_treasure_0.png,1,validated
v21_treasure_1,treasure,赤陽焚天印,赤陽焚天印 攻擊 xianxia item icon,src/assets/v21/master/v21_treasure_1.png,src/assets/v21/runtime/v21_treasure_1.png,1,validated
v21_treasure_2,treasure,虛空斬仙刃,虛空斬仙刃 攻擊 xianxia item icon,src/assets/v21/master/v21_treasure_2.png,src/assets/v21/runtime/v21_treasure_2.png,1,validated
v21_treasure_3,treasure,玄冰鎮魂珠,玄冰鎮魂珠 攻擊 xianxia item icon,src/assets/v21/master/v21_treasure_3.png,src/assets/v21/runtime/v21_treasure_3.png,1,validated
v21_treasure_4,treasure,混元破界槍,混元破界槍 攻擊 xianxia item icon,src/assets/v21/master/v21_treasure_4.png,src/assets/v21/runtime/v21_treasure_4.png,1,validated
v21_treasure_5,treasure,紫電天羅網,紫電天羅網 攻擊 xianxia item icon,src/assets/v21/master/v21_treasure_5.png,src/assets/v21/runtime/v21_treasure_5.png,1,validated
v21_treasure_6,treasure,太陰噬魂幡,太陰噬魂幡 攻擊 xianxia item icon,src/assets/v21/master/v21_treasure_6.png,src/assets/v21/runtime/v21_treasure_6.png,1,validated
v21_treasure_7,treasure,萬劍歸宗匣,萬劍歸宗匣 攻擊 xianxia item icon,src/assets/v21/master/v21_treasure_7.png,src/assets/v21/runtime/v21_treasure_7.png,1,validated
v21_treasure_8,treasure,焚天九龍鼎,焚天九龍鼎 攻擊 xianxia item icon,src/assets/v21/master/v21_treasure_8.png,src/assets/v21/runtime/v21_treasure_8.png,1,validated
v21_treasure_9,treasure,星辰滅神輪,星辰滅神輪 攻擊 xianxia item icon,src/assets/v21/master/v21_treasure_9.png,src/assets/v21/runtime/v21_treasure_9.png,1,validated
v21_treasure_10,treasure,玄武鎮天盾,玄武鎮天盾 防禦 xianxia item icon,src/assets/v21/master/v21_treasure_10.png,src/assets/v21/runtime/v21_treasure_10.png,1,validated
v21_treasure_11,treasure,九轉金蓮臺,九轉金蓮臺 防禦 xianxia item icon,src/assets/v21/master/v21_treasure_11.png,src/assets/v21/runtime/v21_treasure_11.png,1,validated
v21_treasure_12,treasure,太虛護心鏡,太虛護心鏡 防禦 xianxia item icon,src/assets/v21/master/v21_treasure_12.png,src/assets/v21/runtime/v21_treasure_12.png,1,validated
v21_treasure_13,treasure,混元乾坤罩,混元乾坤罩 防禦 xianxia item icon,src/assets/v21/master/v21_treasure_13.png,src/assets/v21/runtime/v21_treasure_13.png,1,validated
v21_treasure_14,treasure,萬法不侵鐘,萬法不侵鐘 防禦 xianxia item icon,src/assets/v21/master/v21_treasure_14.png,src/assets/v21/runtime/v21_treasure_14.png,1,validated
v21_treasure_15,treasure,天罡玄甲印,天罡玄甲印 防禦 xianxia item icon,src/assets/v21/master/v21_treasure_15.png,src/assets/v21/runtime/v21_treasure_15.png,1,validated
v21_treasure_16,treasure,五行鎮界盤,五行鎮界盤 防禦 xianxia item icon,src/assets/v21/master/v21_treasure_16.png,src/assets/v21/runtime/v21_treasure_16.png,1,validated
v21_treasure_17,treasure,仙靈護命珠,仙靈護命珠 防禦 xianxia item icon,src/assets/v21/master/v21_treasure_17.png,src/assets/v21/runtime/v21_treasure_17.png,1,validated
v21_treasure_18,treasure,玄黃不滅塔,玄黃不滅塔 防禦 xianxia item icon,src/assets/v21/master/v21_treasure_18.png,src/assets/v21/runtime/v21_treasure_18.png,1,validated
v21_treasure_19,treasure,紫霄御雷幡,紫霄御雷幡 防禦 xianxia item icon,src/assets/v21/master/v21_treasure_19.png,src/assets/v21/runtime/v21_treasure_19.png,1,validated
v21_treasure_20,treasure,聚靈乾坤瓶,聚靈乾坤瓶 恢復 xianxia item icon,src/assets/v21/master/v21_treasure_20.png,src/assets/v21/runtime/v21_treasure_20.png,1,validated
v21_treasure_21,treasure,萬象悟道圖,萬象悟道圖 輔助 xianxia item icon,src/assets/v21/master/v21_treasure_21.png,src/assets/v21/runtime/v21_treasure_21.png,1,validated
v21_treasure_22,treasure,逆天續命燈,逆天續命燈 恢復 xianxia item icon,src/assets/v21/master/v21_treasure_22.png,src/assets/v21/runtime/v21_treasure_22.png,1,validated
v21_treasure_23,treasure,虛空遁界梭,虛空遁界梭 輔助 xianxia item icon,src/assets/v21/master/v21_treasure_23.png,src/assets/v21/runtime/v21_treasure_23.png,1,validated
v21_treasure_24,treasure,九天引雷旗,九天引雷旗 恢復 xianxia item icon,src/assets/v21/master/v21_treasure_24.png,src/assets/v21/runtime/v21_treasure_24.png,1,validated
v21_treasure_25,treasure,玄門通靈鏡,玄門通靈鏡 輔助 xianxia item icon,src/assets/v21/master/v21_treasure_25.png,src/assets/v21/runtime/v21_treasure_25.png,1,validated
v21_treasure_26,treasure,時光凝滯輪,時光凝滯輪 恢復 xianxia item icon,src/assets/v21/master/v21_treasure_26.png,src/assets/v21/runtime/v21_treasure_26.png,1,validated
v21_treasure_27,treasure,萬獸御靈環,萬獸御靈環 輔助 xianxia item icon,src/assets/v21/master/v21_treasure_27.png,src/assets/v21/runtime/v21_treasure_27.png,1,validated
v21_treasure_28,treasure,混沌聚元鼎,混沌聚元鼎 恢復 xianxia item icon,src/assets/v21/master/v21_treasure_28.png,src/assets/v21/runtime/v21_treasure_28.png,1,validated
v21_treasure_29,treasure,太初造化珠,太初造化珠 輔助 xianxia item icon,src/assets/v21/master/v21_treasure_29.png,src/assets/v21/runtime/v21_treasure_29.png,1,validated
v21_pet_0,pet,九尾玄狐,九尾玄狐 攻擊 xianxia item icon,src/assets/v21/master/v21_pet_0.png,src/assets/v21/runtime/v21_pet_0.png,1,validated
v21_pet_1,pet,紫雷靈豹,紫雷靈豹 防禦 xianxia item icon,src/assets/v21/master/v21_pet_1.png,src/assets/v21/runtime/v21_pet_1.png,1,validated
v21_pet_2,pet,玄冰蛟龍,玄冰蛟龍 恢復 xianxia item icon,src/assets/v21/master/v21_pet_2.png,src/assets/v21/runtime/v21_pet_2.png,1,validated
v21_pet_3,pet,赤焰朱雀,赤焰朱雀 攻擊 xianxia item icon,src/assets/v21/master/v21_pet_3.png,src/assets/v21/runtime/v21_pet_3.png,1,validated
v21_pet_4,pet,幽冥魔狼,幽冥魔狼 防禦 xianxia item icon,src/assets/v21/master/v21_pet_4.png,src/assets/v21/runtime/v21_pet_4.png,1,validated
v21_pet_5,pet,碧海靈鯨,碧海靈鯨 恢復 xianxia item icon,src/assets/v21/master/v21_pet_5.png,src/assets/v21/runtime/v21_pet_5.png,1,validated
v21_pet_6,pet,虛空靈貓,虛空靈貓 攻擊 xianxia item icon,src/assets/v21/master/v21_pet_6.png,src/assets/v21/runtime/v21_pet_6.png,1,validated
v21_pet_7,pet,金甲玄龜,金甲玄龜 防禦 xianxia item icon,src/assets/v21/master/v21_pet_7.png,src/assets/v21/runtime/v21_pet_7.png,1,validated
v21_pet_8,pet,青木靈鹿,青木靈鹿 恢復 xianxia item icon,src/assets/v21/master/v21_pet_8.png,src/assets/v21/runtime/v21_pet_8.png,1,validated
v21_pet_9,pet,太陰月兔,太陰月兔 攻擊 xianxia item icon,src/assets/v21/master/v21_pet_9.png,src/assets/v21/runtime/v21_pet_9.png,1,validated
v21_pet_10,pet,九霄雷鵬,九霄雷鵬 防禦 xianxia item icon,src/assets/v21/master/v21_pet_10.png,src/assets/v21/runtime/v21_pet_10.png,1,validated
v21_pet_11,pet,焚天火麒麟,焚天火麒麟 恢復 xianxia item icon,src/assets/v21/master/v21_pet_11.png,src/assets/v21/runtime/v21_pet_11.png,1,validated
v21_pet_12,pet,玄冥冰鳳,玄冥冰鳳 攻擊 xianxia item icon,src/assets/v21/master/v21_pet_12.png,src/assets/v21/runtime/v21_pet_12.png,1,validated
v21_pet_13,pet,萬毒天蠍,萬毒天蠍 防禦 xianxia item icon,src/assets/v21/master/v21_pet_13.png,src/assets/v21/runtime/v21_pet_13.png,1,validated
v21_pet_14,pet,五彩神鹿,五彩神鹿 恢復 xianxia item icon,src/assets/v21/master/v21_pet_14.png,src/assets/v21/runtime/v21_pet_14.png,1,validated
v21_pet_15,pet,星辰靈龍,星辰靈龍 攻擊 xianxia item icon,src/assets/v21/master/v21_pet_15.png,src/assets/v21/runtime/v21_pet_15.png,1,validated
v21_pet_16,pet,太古戰猿,太古戰猿 防禦 xianxia item icon,src/assets/v21/master/v21_pet_16.png,src/assets/v21/runtime/v21_pet_16.png,1,validated
v21_pet_17,pet,金翅神鷹,金翅神鷹 恢復 xianxia item icon,src/assets/v21/master/v21_pet_17.png,src/assets/v21/runtime/v21_pet_17.png,1,validated
v21_pet_18,pet,混元靈蝶,混元靈蝶 攻擊 xianxia item icon,src/assets/v21/master/v21_pet_18.png,src/assets/v21/runtime/v21_pet_18.png,1,validated
v21_pet_19,pet,幽影魔虎,幽影魔虎 防禦 xianxia item icon,src/assets/v21/master/v21_pet_19.png,src/assets/v21/runtime/v21_pet_19.png,1,validated
v21_pet_20,pet,九天應龍,九天應龍 恢復 xianxia item icon,src/assets/v21/master/v21_pet_20.png,src/assets/v21/runtime/v21_pet_20.png,1,validated
v21_pet_21,pet,太初鳳凰,太初鳳凰 攻擊 xianxia item icon,src/assets/v21/master/v21_pet_21.png,src/assets/v21/runtime/v21_pet_21.png,1,validated
v21_pet_22,pet,混沌麒麟,混沌麒麟 防禦 xianxia item icon,src/assets/v21/master/v21_pet_22.png,src/assets/v21/runtime/v21_pet_22.png,1,validated
v21_pet_23,pet,玄天神龜,玄天神龜 恢復 xianxia item icon,src/assets/v21/master/v21_pet_23.png,src/assets/v21/runtime/v21_pet_23.png,1,validated
v21_pet_24,pet,紫霄雷龍,紫霄雷龍 攻擊 xianxia item icon,src/assets/v21/master/v21_pet_24.png,src/assets/v21/runtime/v21_pet_24.png,1,validated
v21_pet_25,pet,太陰神狐,太陰神狐 防禦 xianxia item icon,src/assets/v21/master/v21_pet_25.png,src/assets/v21/runtime/v21_pet_25.png,1,validated
v21_pet_26,pet,乾坤鯤鵬,乾坤鯤鵬 恢復 xianxia item icon,src/assets/v21/master/v21_pet_26.png,src/assets/v21/runtime/v21_pet_26.png,1,validated
v21_pet_27,pet,萬古燭龍,萬古燭龍 攻擊 xianxia item icon,src/assets/v21/master/v21_pet_27.png,src/assets/v21/runtime/v21_pet_27.png,1,validated
v21_pet_28,pet,仙域白澤,仙域白澤 防禦 xianxia item icon,src/assets/v21/master/v21_pet_28.png,src/assets/v21/runtime/v21_pet_28.png,1,validated
v21_pet_29,pet,混沌吞天獸,混沌吞天獸 恢復 xianxia item icon,src/assets/v21/master/v21_pet_29.png,src/assets/v21/runtime/v21_pet_29.png,1,validated
v21_skill_0,skill,九霄神雷訣,"九霄神雷訣 雷電連鎖多目標傷害 magical spell emblem, no text",src/assets/v21/master/v21_skill_0.png,src/assets/v21/runtime/v21_skill_0.png,1,validated
v21_skill_1,skill,焚天烈陽術,"焚天烈陽術 範圍傷害並持續燃燒 magical spell emblem, no text",src/assets/v21/master/v21_skill_1.png,src/assets/v21/runtime/v21_skill_1.png,1,validated
v21_skill_2,skill,萬劍歸宗,"萬劍歸宗 劍陣多目標攻擊 magical spell emblem, no text",src/assets/v21/master/v21_skill_2.png,src/assets/v21/runtime/v21_skill_2.png,1,validated
v21_skill_3,skill,虛空裂天斬,"虛空裂天斬 位移斬擊 magical spell emblem, no text",src/assets/v21/master/v21_skill_3.png,src/assets/v21/runtime/v21_skill_3.png,1,validated
v21_skill_4,skill,太陰玄冰訣,"太陰玄冰訣 範圍傷害並減速 magical spell emblem, no text",src/assets/v21/master/v21_skill_4.png,src/assets/v21/runtime/v21_skill_4.png,1,validated
v21_skill_5,skill,五行滅神印,"五行滅神印 圓形範圍攻擊 magical spell emblem, no text",src/assets/v21/master/v21_skill_5.png,src/assets/v21/runtime/v21_skill_5.png,1,validated
v21_skill_6,skill,紫霄天雷引,"紫霄天雷引 雷電連鎖多目標傷害 magical spell emblem, no text",src/assets/v21/master/v21_skill_6.png,src/assets/v21/runtime/v21_skill_6.png,1,validated
v21_skill_7,skill,混沌破界指,"混沌破界指 穿透防禦的單體傷害 magical spell emblem, no text",src/assets/v21/master/v21_skill_7.png,src/assets/v21/runtime/v21_skill_7.png,1,validated
v21_skill_8,skill,星辰隕落術,"星辰隕落術 延遲範圍隕落 magical spell emblem, no text",src/assets/v21/master/v21_skill_8.png,src/assets/v21/runtime/v21_skill_8.png,1,validated
v21_skill_9,skill,玄門誅魔劍,"玄門誅魔劍 單體高倍率攻擊 magical spell emblem, no text",src/assets/v21/master/v21_skill_9.png,src/assets/v21/runtime/v21_skill_9.png,1,validated
v21_skill_10,skill,玄武不滅體,"玄武不滅體 獲得可吸收傷害的護盾 magical spell emblem, no text",src/assets/v21/master/v21_skill_10.png,src/assets/v21/runtime/v21_skill_10.png,1,validated
v21_skill_11,skill,九轉金身訣,"九轉金身訣 短時間提高防禦 magical spell emblem, no text",src/assets/v21/master/v21_skill_11.png,src/assets/v21/runtime/v21_skill_11.png,1,validated
v21_skill_12,skill,太虛護靈罩,"太虛護靈罩 獲得可吸收傷害的護盾 magical spell emblem, no text",src/assets/v21/master/v21_skill_12.png,src/assets/v21/runtime/v21_skill_12.png,1,validated
v21_skill_13,skill,萬法歸元術,"萬法歸元術 解除控制與持續傷害 magical spell emblem, no text",src/assets/v21/master/v21_skill_13.png,src/assets/v21/runtime/v21_skill_13.png,1,validated
v21_skill_14,skill,青木回春訣,"青木回春訣 恢復氣血 magical spell emblem, no text",src/assets/v21/master/v21_skill_14.png,src/assets/v21/runtime/v21_skill_14.png,1,validated
v21_skill_15,skill,仙靈續命術,"仙靈續命術 恢復氣血 magical spell emblem, no text",src/assets/v21/master/v21_skill_15.png,src/assets/v21/runtime/v21_skill_15.png,1,validated
v21_skill_16,skill,五行護體陣,"五行護體陣 短時間提高防禦 magical spell emblem, no text",src/assets/v21/master/v21_skill_16.png,src/assets/v21/runtime/v21_skill_16.png,1,validated
v21_skill_17,skill,混元聚靈訣,"混元聚靈訣 恢復真元 magical spell emblem, no text",src/assets/v21/master/v21_skill_17.png,src/assets/v21/runtime/v21_skill_17.png,1,validated
v21_skill_18,skill,天罡御雷盾,"天罡御雷盾 獲得可吸收傷害的護盾 magical spell emblem, no text",src/assets/v21/master/v21_skill_18.png,src/assets/v21/runtime/v21_skill_18.png,1,validated
v21_skill_19,skill,不滅仙魂訣,"不滅仙魂訣 短時間保命護盾與恢復 magical spell emblem, no text",src/assets/v21/master/v21_skill_19.png,src/assets/v21/runtime/v21_skill_19.png,1,validated
v21_skill_20,skill,縮地成寸,"縮地成寸 向移動方向突進 magical spell emblem, no text",src/assets/v21/master/v21_skill_20.png,src/assets/v21/runtime/v21_skill_20.png,1,validated
v21_skill_21,skill,虛空挪移術,"虛空挪移術 瞬移至安全位置 magical spell emblem, no text",src/assets/v21/master/v21_skill_21.png,src/assets/v21/runtime/v21_skill_21.png,1,validated
v21_skill_22,skill,天眼通,"天眼通 揭示妖獸並提高會心 magical spell emblem, no text",src/assets/v21/master/v21_skill_22.png,src/assets/v21/runtime/v21_skill_22.png,1,validated
v21_skill_23,skill,玄門御獸訣,"玄門御獸訣 短時間增幅御靈攻擊 magical spell emblem, no text",src/assets/v21/master/v21_skill_23.png,src/assets/v21/runtime/v21_skill_23.png,1,validated
v21_skill_24,skill,萬象悟道訣,"萬象悟道訣 短時間提高靈氣吸收 magical spell emblem, no text",src/assets/v21/master/v21_skill_24.png,src/assets/v21/runtime/v21_skill_24.png,1,validated
v21_skill_25,skill,九轉聚靈術,"九轉聚靈術 恢復真元 magical spell emblem, no text",src/assets/v21/master/v21_skill_25.png,src/assets/v21/runtime/v21_skill_25.png,1,validated
v21_skill_26,skill,仙靈分身術,"仙靈分身術 召喚短時間作戰分身 magical spell emblem, no text",src/assets/v21/master/v21_skill_26.png,src/assets/v21/runtime/v21_skill_26.png,1,validated
v21_skill_27,skill,時光遲滯術,"時光遲滯術 範圍傷害並減速 magical spell emblem, no text",src/assets/v21/master/v21_skill_27.png,src/assets/v21/runtime/v21_skill_27.png,1,validated
v21_skill_28,skill,天地封靈陣,"天地封靈陣 封禁範圍內敵人技能 magical spell emblem, no text",src/assets/v21/master/v21_skill_28.png,src/assets/v21/runtime/v21_skill_28.png,1,validated
v21_skill_29,skill,太初造化訣,"太初造化訣 氣血真元同時恢復 magical spell emblem, no text",src/assets/v21/master/v21_skill_29.png,src/assets/v21/runtime/v21_skill_29.png,1,validated
v21_mat_0,material,太虛靈鐵,太虛靈鐵 magical mineral material icon,src/assets/v21/master/v21_mat_0.png,src/assets/v21/runtime/v21_mat_0.png,1,validated
v21_mat_1,material,虛空神砂,虛空神砂 magical mineral material icon,src/assets/v21/master/v21_mat_1.png,src/assets/v21/runtime/v21_mat_1.png,1,validated
v21_mat_2,material,九天雷髓,九天雷髓 magical mineral material icon,src/assets/v21/master/v21_mat_2.png,src/assets/v21/runtime/v21_mat_2.png,1,validated
v21_mat_3,material,萬年玄玉,萬年玄玉 magical mineral material icon,src/assets/v21/master/v21_mat_3.png,src/assets/v21/runtime/v21_mat_3.png,1,validated
v21_mat_4,material,仙靈精魄,仙靈精魄 magical mineral material icon,src/assets/v21/master/v21_mat_4.png,src/assets/v21/runtime/v21_mat_4.png,1,validated
v21_mat_5,material,混沌靈液,混沌靈液 magical mineral material icon,src/assets/v21/master/v21_mat_5.png,src/assets/v21/runtime/v21_mat_5.png,1,validated
v21_mat_6,material,上古獸魂,上古獸魂 magical mineral material icon,src/assets/v21/master/v21_mat_6.png,src/assets/v21/runtime/v21_mat_6.png,1,validated
v21_mat_7,material,神通殘卷,神通殘卷 magical mineral material icon,src/assets/v21/master/v21_mat_7.png,src/assets/v21/runtime/v21_mat_7.png,1,validated
v21_mat_8,material,仙器碎片,仙器碎片 magical mineral material icon,src/assets/v21/master/v21_mat_8.png,src/assets/v21/runtime/v21_mat_8.png,1,validated
v21_floor_cloud,floor,太虛雲海,"Top down traversable RPG landscape, 浮空仙山、雲海、懸空古道, broad empty playable center, ink watercolor Chinese xianxia environment, no characters, no text",src/assets/v21/master/v21_floor_cloud.png,src/assets/v21/runtime/v21_floor_cloud.png,1,validated
v21_floor_void,floor,虛空裂域,"Top down traversable RPG landscape, 空間裂縫、破碎浮島、星空深淵, broad empty playable center, ink watercolor Chinese xianxia environment, no characters, no text",src/assets/v21/master/v21_floor_void.png,src/assets/v21/runtime/v21_floor_void.png,1,validated
v21_floor_wild,floor,萬靈古域,"Top down traversable RPG landscape, 巨型古木、靈脈、遠古遺跡, broad empty playable center, ink watercolor Chinese xianxia environment, no characters, no text",src/assets/v21/master/v21_floor_wild.png,src/assets/v21/runtime/v21_floor_wild.png,1,validated
v21_floor_palace,floor,九天仙闕,"Top down traversable RPG landscape, 天宮、金色仙橋、九重雲霄, broad empty playable center, ink watercolor Chinese xianxia environment, no characters, no text",src/assets/v21/master/v21_floor_palace.png,src/assets/v21/runtime/v21_floor_palace.png,1,validated
v21_floor_thunder,floor,萬雷劫域,"Top down traversable RPG landscape, 雷海、劫雲、焦黑山脈、天劫祭壇, broad empty playable center, ink watercolor Chinese xianxia environment, no characters, no text",src/assets/v21/master/v21_floor_thunder.png,src/assets/v21/runtime/v21_floor_thunder.png,1,validated
v21_floor_ascend,floor,飛昇仙域,"Top down traversable RPG landscape, 仙界入口、仙城、上古神殿, broad empty playable center, ink watercolor Chinese xianxia environment, no characters, no text",src/assets/v21/master/v21_floor_ascend.png,src/assets/v21/runtime/v21_floor_ascend.png,1,validated
v21_enemy_cloud_0,enemy,太虛雲鷹,"太虛雲鷹 majestic eagle bird, avian body and talons, no human cloud elemental aura, detailed Chinese xianxia ink watercolor",src/assets/v21/master/v21_enemy_cloud_0.png,src/assets/v21/runtime/v21_enemy_cloud_0.png,1,validated
v21_enemy_cloud_1,enemy,太虛晶蛟,"太虛晶蛟 Chinese serpentine dragon, scaled animal body, no human cloud elemental aura, detailed Chinese xianxia ink watercolor",src/assets/v21/master/v21_enemy_cloud_1.png,src/assets/v21/runtime/v21_enemy_cloud_1.png,1,validated
v21_enemy_cloud_2,enemy,太虛靈猿,"太虛靈猿 giant ancient ape, animal body, no human cloud elemental aura, detailed Chinese xianxia ink watercolor",src/assets/v21/master/v21_enemy_cloud_2.png,src/assets/v21/runtime/v21_enemy_cloud_2.png,1,validated
v21_enemy_cloud_3,enemy,太虛玄龜,"太虛玄龜 mythical giant tortoise, shell and four legs, no human cloud elemental aura, detailed Chinese xianxia ink watercolor",src/assets/v21/master/v21_enemy_cloud_3.png,src/assets/v21/runtime/v21_enemy_cloud_3.png,1,validated
v21_enemy_cloud_4,enemy,太虛妖虎,"太虛妖虎 ferocious tiger beast, feline four-legged body, no human cloud elemental aura, detailed Chinese xianxia ink watercolor",src/assets/v21/master/v21_enemy_cloud_4.png,src/assets/v21/runtime/v21_enemy_cloud_4.png,1,validated
v21_enemy_cloud_5,enemy,太虛噬魂魔修,"太虛噬魂魔修 dark immortal cultivator, full body humanoid warrior cloud elemental aura, detailed Chinese xianxia ink watercolor",src/assets/v21/master/v21_enemy_cloud_5.png,src/assets/v21/runtime/v21_enemy_cloud_5.png,1,validated
v21_enemy_cloud_6,enemy,太虛血煞魔修,"太虛血煞魔修 dark immortal cultivator, full body humanoid warrior cloud elemental aura, detailed Chinese xianxia ink watercolor",src/assets/v21/master/v21_enemy_cloud_6.png,src/assets/v21/runtime/v21_enemy_cloud_6.png,1,validated
v21_enemy_cloud_7,enemy,太虛界主,"太虛界主 dark immortal cultivator, full body humanoid warrior cloud elemental aura, detailed Chinese xianxia ink watercolor",src/assets/v21/master/v21_enemy_cloud_7.png,src/assets/v21/runtime/v21_enemy_cloud_7.png,1,validated
v21_enemy_void_0,enemy,虛空雲鷹,"虛空雲鷹 majestic eagle bird, avian body and talons, no human void elemental aura, detailed Chinese xianxia ink watercolor",src/assets/v21/master/v21_enemy_void_0.png,src/assets/v21/runtime/v21_enemy_void_0.png,1,validated
v21_enemy_void_1,enemy,虛空晶蛟,"虛空晶蛟 Chinese serpentine dragon, scaled animal body, no human void elemental aura, detailed Chinese xianxia ink watercolor",src/assets/v21/master/v21_enemy_void_1.png,src/assets/v21/runtime/v21_enemy_void_1.png,1,validated
v21_enemy_void_2,enemy,虛空靈猿,"虛空靈猿 giant ancient ape, animal body, no human void elemental aura, detailed Chinese xianxia ink watercolor",src/assets/v21/master/v21_enemy_void_2.png,src/assets/v21/runtime/v21_enemy_void_2.png,1,validated
v21_enemy_void_3,enemy,虛空玄龜,"虛空玄龜 mythical giant tortoise, shell and four legs, no human void elemental aura, detailed Chinese xianxia ink watercolor",src/assets/v21/master/v21_enemy_void_3.png,src/assets/v21/runtime/v21_enemy_void_3.png,1,validated
v21_enemy_void_4,enemy,虛空妖虎,"虛空妖虎 ferocious tiger beast, feline four-legged body, no human void elemental aura, detailed Chinese xianxia ink watercolor",src/assets/v21/master/v21_enemy_void_4.png,src/assets/v21/runtime/v21_enemy_void_4.png,1,validated
v21_enemy_void_5,enemy,虛空噬魂魔修,"虛空噬魂魔修 dark immortal cultivator, full body humanoid warrior void elemental aura, detailed Chinese xianxia ink watercolor",src/assets/v21/master/v21_enemy_void_5.png,src/assets/v21/runtime/v21_enemy_void_5.png,1,validated
v21_enemy_void_6,enemy,虛空血煞魔修,"虛空血煞魔修 dark immortal cultivator, full body humanoid warrior void elemental aura, detailed Chinese xianxia ink watercolor",src/assets/v21/master/v21_enemy_void_6.png,src/assets/v21/runtime/v21_enemy_void_6.png,1,validated
v21_enemy_void_7,enemy,虛空界主,"虛空界主 dark immortal cultivator, full body humanoid warrior void elemental aura, detailed Chinese xianxia ink watercolor",src/assets/v21/master/v21_enemy_void_7.png,src/assets/v21/runtime/v21_enemy_void_7.png,1,validated
v21_enemy_wild_0,enemy,萬靈雲鷹,"萬靈雲鷹 majestic eagle bird, avian body and talons, no human wild elemental aura, detailed Chinese xianxia ink watercolor",src/assets/v21/master/v21_enemy_wild_0.png,src/assets/v21/runtime/v21_enemy_wild_0.png,1,validated
v21_enemy_wild_1,enemy,萬靈晶蛟,"萬靈晶蛟 Chinese serpentine dragon, scaled animal body, no human wild elemental aura, detailed Chinese xianxia ink watercolor",src/assets/v21/master/v21_enemy_wild_1.png,src/assets/v21/runtime/v21_enemy_wild_1.png,1,validated
v21_enemy_wild_2,enemy,萬靈靈猿,"萬靈靈猿 giant ancient ape, animal body, no human wild elemental aura, detailed Chinese xianxia ink watercolor",src/assets/v21/master/v21_enemy_wild_2.png,src/assets/v21/runtime/v21_enemy_wild_2.png,1,validated
v21_enemy_wild_3,enemy,萬靈玄龜,"萬靈玄龜 mythical giant tortoise, shell and four legs, no human wild elemental aura, detailed Chinese xianxia ink watercolor",src/assets/v21/master/v21_enemy_wild_3.png,src/assets/v21/runtime/v21_enemy_wild_3.png,1,validated
v21_enemy_wild_4,enemy,萬靈妖虎,"萬靈妖虎 ferocious tiger beast, feline four-legged body, no human wild elemental aura, detailed Chinese xianxia ink watercolor",src/assets/v21/master/v21_enemy_wild_4.png,src/assets/v21/runtime/v21_enemy_wild_4.png,1,validated
v21_enemy_wild_5,enemy,萬靈噬魂魔修,"萬靈噬魂魔修 dark immortal cultivator, full body humanoid warrior wild elemental aura, detailed Chinese xianxia ink watercolor",src/assets/v21/master/v21_enemy_wild_5.png,src/assets/v21/runtime/v21_enemy_wild_5.png,1,validated
v21_enemy_wild_6,enemy,萬靈血煞魔修,"萬靈血煞魔修 dark immortal cultivator, full body humanoid warrior wild elemental aura, detailed Chinese xianxia ink watercolor",src/assets/v21/master/v21_enemy_wild_6.png,src/assets/v21/runtime/v21_enemy_wild_6.png,1,validated
v21_enemy_wild_7,enemy,萬靈界主,"萬靈界主 dark immortal cultivator, full body humanoid warrior wild elemental aura, detailed Chinese xianxia ink watercolor",src/assets/v21/master/v21_enemy_wild_7.png,src/assets/v21/runtime/v21_enemy_wild_7.png,1,validated
v21_enemy_palace_0,enemy,九天雲鷹,"九天雲鷹 majestic eagle bird, avian body and talons, no human palace elemental aura, detailed Chinese xianxia ink watercolor",src/assets/v21/master/v21_enemy_palace_0.png,src/assets/v21/runtime/v21_enemy_palace_0.png,1,validated
v21_enemy_palace_1,enemy,九天晶蛟,"九天晶蛟 Chinese serpentine dragon, scaled animal body, no human palace elemental aura, detailed Chinese xianxia ink watercolor",src/assets/v21/master/v21_enemy_palace_1.png,src/assets/v21/runtime/v21_enemy_palace_1.png,1,validated
v21_enemy_palace_2,enemy,九天靈猿,"九天靈猿 giant ancient ape, animal body, no human palace elemental aura, detailed Chinese xianxia ink watercolor",src/assets/v21/master/v21_enemy_palace_2.png,src/assets/v21/runtime/v21_enemy_palace_2.png,1,validated
v21_enemy_palace_3,enemy,九天玄龜,"九天玄龜 mythical giant tortoise, shell and four legs, no human palace elemental aura, detailed Chinese xianxia ink watercolor",src/assets/v21/master/v21_enemy_palace_3.png,src/assets/v21/runtime/v21_enemy_palace_3.png,1,validated
v21_enemy_palace_4,enemy,九天妖虎,"九天妖虎 ferocious tiger beast, feline four-legged body, no human palace elemental aura, detailed Chinese xianxia ink watercolor",src/assets/v21/master/v21_enemy_palace_4.png,src/assets/v21/runtime/v21_enemy_palace_4.png,1,validated
v21_enemy_palace_5,enemy,九天噬魂魔修,"九天噬魂魔修 dark immortal cultivator, full body humanoid warrior palace elemental aura, detailed Chinese xianxia ink watercolor",src/assets/v21/master/v21_enemy_palace_5.png,src/assets/v21/runtime/v21_enemy_palace_5.png,1,validated
v21_enemy_palace_6,enemy,九天血煞魔修,"九天血煞魔修 dark immortal cultivator, full body humanoid warrior palace elemental aura, detailed Chinese xianxia ink watercolor",src/assets/v21/master/v21_enemy_palace_6.png,src/assets/v21/runtime/v21_enemy_palace_6.png,1,validated
v21_enemy_palace_7,enemy,九天界主,"九天界主 dark immortal cultivator, full body humanoid warrior palace elemental aura, detailed Chinese xianxia ink watercolor",src/assets/v21/master/v21_enemy_palace_7.png,src/assets/v21/runtime/v21_enemy_palace_7.png,1,validated
v21_enemy_thunder_0,enemy,萬雷雲鷹,"萬雷雲鷹 majestic eagle bird, avian body and talons, no human thunder elemental aura, detailed Chinese xianxia ink watercolor",src/assets/v21/master/v21_enemy_thunder_0.png,src/assets/v21/runtime/v21_enemy_thunder_0.png,1,validated
v21_enemy_thunder_1,enemy,萬雷晶蛟,"萬雷晶蛟 Chinese serpentine dragon, scaled animal body, no human thunder elemental aura, detailed Chinese xianxia ink watercolor",src/assets/v21/master/v21_enemy_thunder_1.png,src/assets/v21/runtime/v21_enemy_thunder_1.png,1,validated
v21_enemy_thunder_2,enemy,萬雷靈猿,"萬雷靈猿 giant ancient ape, animal body, no human thunder elemental aura, detailed Chinese xianxia ink watercolor",src/assets/v21/master/v21_enemy_thunder_2.png,src/assets/v21/runtime/v21_enemy_thunder_2.png,1,validated
v21_enemy_thunder_3,enemy,萬雷玄龜,"萬雷玄龜 mythical giant tortoise, shell and four legs, no human thunder elemental aura, detailed Chinese xianxia ink watercolor",src/assets/v21/master/v21_enemy_thunder_3.png,src/assets/v21/runtime/v21_enemy_thunder_3.png,1,validated
v21_enemy_thunder_4,enemy,萬雷妖虎,"萬雷妖虎 ferocious tiger beast, feline four-legged body, no human thunder elemental aura, detailed Chinese xianxia ink watercolor",src/assets/v21/master/v21_enemy_thunder_4.png,src/assets/v21/runtime/v21_enemy_thunder_4.png,1,validated
v21_enemy_thunder_5,enemy,萬雷噬魂魔修,"萬雷噬魂魔修 dark immortal cultivator, full body humanoid warrior thunder elemental aura, detailed Chinese xianxia ink watercolor",src/assets/v21/master/v21_enemy_thunder_5.png,src/assets/v21/runtime/v21_enemy_thunder_5.png,1,validated
v21_enemy_thunder_6,enemy,萬雷血煞魔修,"萬雷血煞魔修 dark immortal cultivator, full body humanoid warrior thunder elemental aura, detailed Chinese xianxia ink watercolor",src/assets/v21/master/v21_enemy_thunder_6.png,src/assets/v21/runtime/v21_enemy_thunder_6.png,1,validated
v21_enemy_thunder_7,enemy,萬雷界主,"萬雷界主 dark immortal cultivator, full body humanoid warrior thunder elemental aura, detailed Chinese xianxia ink watercolor",src/assets/v21/master/v21_enemy_thunder_7.png,src/assets/v21/runtime/v21_enemy_thunder_7.png,1,validated
v21_enemy_ascend_0,enemy,飛昇雲鷹,"飛昇雲鷹 majestic eagle bird, avian body and talons, no human ascend elemental aura, detailed Chinese xianxia ink watercolor",src/assets/v21/master/v21_enemy_ascend_0.png,src/assets/v21/runtime/v21_enemy_ascend_0.png,1,validated
v21_enemy_ascend_1,enemy,飛昇晶蛟,"飛昇晶蛟 Chinese serpentine dragon, scaled animal body, no human ascend elemental aura, detailed Chinese xianxia ink watercolor",src/assets/v21/master/v21_enemy_ascend_1.png,src/assets/v21/runtime/v21_enemy_ascend_1.png,1,validated
v21_enemy_ascend_2,enemy,飛昇靈猿,"飛昇靈猿 giant ancient ape, animal body, no human ascend elemental aura, detailed Chinese xianxia ink watercolor",src/assets/v21/master/v21_enemy_ascend_2.png,src/assets/v21/runtime/v21_enemy_ascend_2.png,1,validated
v21_enemy_ascend_3,enemy,飛昇玄龜,"飛昇玄龜 mythical giant tortoise, shell and four legs, no human ascend elemental aura, detailed Chinese xianxia ink watercolor",src/assets/v21/master/v21_enemy_ascend_3.png,src/assets/v21/runtime/v21_enemy_ascend_3.png,1,validated
v21_enemy_ascend_4,enemy,飛昇妖虎,"飛昇妖虎 ferocious tiger beast, feline four-legged body, no human ascend elemental aura, detailed Chinese xianxia ink watercolor",src/assets/v21/master/v21_enemy_ascend_4.png,src/assets/v21/runtime/v21_enemy_ascend_4.png,1,validated
v21_enemy_ascend_5,enemy,飛昇噬魂魔修,"飛昇噬魂魔修 dark immortal cultivator, full body humanoid warrior ascend elemental aura, detailed Chinese xianxia ink watercolor",src/assets/v21/master/v21_enemy_ascend_5.png,src/assets/v21/runtime/v21_enemy_ascend_5.png,1,validated
v21_enemy_ascend_6,enemy,飛昇血煞魔修,"飛昇血煞魔修 dark immortal cultivator, full body humanoid warrior ascend elemental aura, detailed Chinese xianxia ink watercolor",src/assets/v21/master/v21_enemy_ascend_6.png,src/assets/v21/runtime/v21_enemy_ascend_6.png,1,validated
v21_enemy_ascend_7,enemy,飛昇界主,"飛昇界主 dark immortal cultivator, full body humanoid warrior ascend elemental aura, detailed Chinese xianxia ink watercolor",src/assets/v21/master/v21_enemy_ascend_7.png,src/assets/v21/runtime/v21_enemy_ascend_7.png,1,validated
v21_npc_cloud_0,npc,太虛宗門長老,太虛宗門長老 full body standing Chinese immortal,src/assets/v21/master/v21_npc_cloud_0.png,src/assets/v21/runtime/v21_npc_cloud_0.png,1,validated
v21_npc_cloud_1,npc,太虛神兵鍛造師,太虛神兵鍛造師 full body standing Chinese immortal,src/assets/v21/master/v21_npc_cloud_1.png,src/assets/v21/runtime/v21_npc_cloud_1.png,1,validated
v21_npc_cloud_2,npc,太虛機緣引路人,太虛機緣引路人 full body standing Chinese immortal,src/assets/v21/master/v21_npc_cloud_2.png,src/assets/v21/runtime/v21_npc_cloud_2.png,1,validated
v21_npc_void_0,npc,虛空隱世散仙,虛空隱世散仙 full body standing Chinese immortal,src/assets/v21/master/v21_npc_void_0.png,src/assets/v21/runtime/v21_npc_void_0.png,1,validated
v21_npc_void_1,npc,虛空仙域商人,虛空仙域商人 full body standing Chinese immortal,src/assets/v21/master/v21_npc_void_1.png,src/assets/v21/runtime/v21_npc_void_1.png,1,validated
v21_npc_void_2,npc,虛空秘境守衛,虛空秘境守衛 full body standing Chinese immortal,src/assets/v21/master/v21_npc_void_2.png,src/assets/v21/runtime/v21_npc_void_2.png,1,validated
v21_npc_wild_0,npc,萬靈靈寵御獸師,萬靈靈寵御獸師 full body standing Chinese immortal,src/assets/v21/master/v21_npc_wild_0.png,src/assets/v21/runtime/v21_npc_wild_0.png,1,validated
v21_npc_wild_1,npc,萬靈高階煉丹師,萬靈高階煉丹師 full body standing Chinese immortal,src/assets/v21/master/v21_npc_wild_1.png,src/assets/v21/runtime/v21_npc_wild_1.png,1,validated
v21_npc_wild_2,npc,萬靈魔修叛徒,萬靈魔修叛徒 full body standing Chinese immortal,src/assets/v21/master/v21_npc_wild_2.png,src/assets/v21/runtime/v21_npc_wild_2.png,1,validated
v21_npc_palace_0,npc,九天宗門長老,九天宗門長老 full body standing Chinese immortal,src/assets/v21/master/v21_npc_palace_0.png,src/assets/v21/runtime/v21_npc_palace_0.png,1,validated
v21_npc_palace_1,npc,九天神兵鍛造師,九天神兵鍛造師 full body standing Chinese immortal,src/assets/v21/master/v21_npc_palace_1.png,src/assets/v21/runtime/v21_npc_palace_1.png,1,validated
v21_npc_palace_2,npc,九天隱世散仙,九天隱世散仙 full body standing Chinese immortal,src/assets/v21/master/v21_npc_palace_2.png,src/assets/v21/runtime/v21_npc_palace_2.png,1,validated
v21_npc_thunder_0,npc,萬雷渡劫護法,萬雷渡劫護法 full body standing Chinese immortal,src/assets/v21/master/v21_npc_thunder_0.png,src/assets/v21/runtime/v21_npc_thunder_0.png,1,validated
v21_npc_thunder_1,npc,萬雷高階煉丹師,萬雷高階煉丹師 full body standing Chinese immortal,src/assets/v21/master/v21_npc_thunder_1.png,src/assets/v21/runtime/v21_npc_thunder_1.png,1,validated
v21_npc_thunder_2,npc,萬雷機緣引路人,萬雷機緣引路人 full body standing Chinese immortal,src/assets/v21/master/v21_npc_thunder_2.png,src/assets/v21/runtime/v21_npc_thunder_2.png,1,validated
v21_npc_ascend_0,npc,飛昇仙域商人,飛昇仙域商人 full body standing Chinese immortal,src/assets/v21/master/v21_npc_ascend_0.png,src/assets/v21/runtime/v21_npc_ascend_0.png,1,validated
v21_npc_ascend_1,npc,飛昇神兵鍛造師,飛昇神兵鍛造師 full body standing Chinese immortal,src/assets/v21/master/v21_npc_ascend_1.png,src/assets/v21/runtime/v21_npc_ascend_1.png,1,validated
v21_npc_ascend_2,npc,飛昇秘境守衛,飛昇秘境守衛 full body standing Chinese immortal,src/assets/v21/master/v21_npc_ascend_2.png,src/assets/v21/runtime/v21_npc_ascend_2.png,1,validated
v21_prop_cloud_0,prop,雲石橋,雲石橋 isometric Chinese fantasy terrain object,src/assets/v21/master/v21_prop_cloud_0.png,src/assets/v21/runtime/v21_prop_cloud_0.png,1,validated
v21_prop_cloud_1,prop,浮空松,浮空松 isometric Chinese fantasy terrain object,src/assets/v21/master/v21_prop_cloud_1.png,src/assets/v21/runtime/v21_prop_cloud_1.png,1,validated
v21_prop_cloud_2,prop,懸空道觀,懸空道觀 isometric Chinese fantasy terrain object,src/assets/v21/master/v21_prop_cloud_2.png,src/assets/v21/runtime/v21_prop_cloud_2.png,1,validated
v21_prop_void_0,prop,星門,星門 isometric Chinese fantasy terrain object,src/assets/v21/master/v21_prop_void_0.png,src/assets/v21/runtime/v21_prop_void_0.png,1,validated
v21_prop_void_1,prop,裂隙晶柱,裂隙晶柱 isometric Chinese fantasy terrain object,src/assets/v21/master/v21_prop_void_1.png,src/assets/v21/runtime/v21_prop_void_1.png,1,validated
v21_prop_void_2,prop,浮島殘垣,浮島殘垣 isometric Chinese fantasy terrain object,src/assets/v21/master/v21_prop_void_2.png,src/assets/v21/runtime/v21_prop_void_2.png,1,validated
v21_prop_wild_0,prop,神木,神木 isometric Chinese fantasy terrain object,src/assets/v21/master/v21_prop_wild_0.png,src/assets/v21/runtime/v21_prop_wild_0.png,1,validated
v21_prop_wild_1,prop,靈脈泉,靈脈泉 isometric Chinese fantasy terrain object,src/assets/v21/master/v21_prop_wild_1.png,src/assets/v21/runtime/v21_prop_wild_1.png,1,validated
v21_prop_wild_2,prop,古獸石碑,古獸石碑 isometric Chinese fantasy terrain object,src/assets/v21/master/v21_prop_wild_2.png,src/assets/v21/runtime/v21_prop_wild_2.png,1,validated
v21_prop_palace_0,prop,仙宮,仙宮 isometric Chinese fantasy terrain object,src/assets/v21/master/v21_prop_palace_0.png,src/assets/v21/runtime/v21_prop_palace_0.png,1,validated
v21_prop_palace_1,prop,金橋,金橋 isometric Chinese fantasy terrain object,src/assets/v21/master/v21_prop_palace_1.png,src/assets/v21/runtime/v21_prop_palace_1.png,1,validated
v21_prop_palace_2,prop,玉階,玉階 isometric Chinese fantasy terrain object,src/assets/v21/master/v21_prop_palace_2.png,src/assets/v21/runtime/v21_prop_palace_2.png,1,validated
v21_prop_thunder_0,prop,雷柱,雷柱 isometric Chinese fantasy terrain object,src/assets/v21/master/v21_prop_thunder_0.png,src/assets/v21/runtime/v21_prop_thunder_0.png,1,validated
v21_prop_thunder_1,prop,焦岩,焦岩 isometric Chinese fantasy terrain object,src/assets/v21/master/v21_prop_thunder_1.png,src/assets/v21/runtime/v21_prop_thunder_1.png,1,validated
v21_prop_thunder_2,prop,渡劫壇,渡劫壇 isometric Chinese fantasy terrain object,src/assets/v21/master/v21_prop_thunder_2.png,src/assets/v21/runtime/v21_prop_thunder_2.png,1,validated
v21_prop_ascend_0,prop,仙門,仙門 isometric Chinese fantasy terrain object,src/assets/v21/master/v21_prop_ascend_0.png,src/assets/v21/runtime/v21_prop_ascend_0.png,1,validated
v21_prop_ascend_1,prop,仙蓮,仙蓮 isometric Chinese fantasy terrain object,src/assets/v21/master/v21_prop_ascend_1.png,src/assets/v21/runtime/v21_prop_ascend_1.png,1,validated
v21_prop_ascend_2,prop,上古神殿,上古神殿 isometric Chinese fantasy terrain object,src/assets/v21/master/v21_prop_ascend_2.png,src/assets/v21/runtime/v21_prop_ascend_2.png,1,validated
